date,JPY_lev_net,JPY_lev_pct_oi,JPY_lev_percentile,JPY_lev_long,JPY_lev_short,JPY_assetmgr_net,JPY_assetmgr_pct_oi,JPY_assetmgr_percentile,JPY_assetmgr_long,JPY_assetmgr_short,EUR_lev_net,EUR_lev_pct_oi,EUR_lev_percentile,EUR_lev_long,EUR_lev_short,EUR_assetmgr_net,EUR_assetmgr_pct_oi,EUR_assetmgr_percentile,EUR_assetmgr_long,EUR_assetmgr_short
2023-01-03,-18514,-10.727156845703691,75.44910179640718,26931,45445,-15354,-8.896228054927864,38.32335329341318,54246,69600,-5689,-0.7989831889105795,23.952095808383234,71489,77178,349543,49.09104953442973,52.09580838323353,432022,82479
2023-01-10,-5080,-2.890551651540584,85.02994011976048,29570,34650,-11449,-6.514552334348061,39.52095808383233,55013,66462,-6374,-0.854236942866371,22.15568862275449,82961,89335,361608,48.462333297148206,58.08383233532935,438725,77117
2023-01-17,-5484,-3.1007225972792347,83.8323353293413,31349,36833,2208,1.2484309800861688,49.101796407185624,55978,53770,-13887,-1.8419848391396907,14.97005988023952,71486,85373,382636,50.75320162087238,72.45508982035929,459449,76813
2023-01-24,-10934,-6.30852579895108,80.83832335329342,25334,36268,10642,6.140052272950191,53.293413173652695,60445,49803,-10864,-1.3971750417004793,16.766467065868262,77468,88332,402077,51.70949459147677,84.4311377245509,476921,74844
2023-01-31,-11137,-6.607926901625727,80.23952095808383,20971,32108,13545,8.036667853328588,55.08982035928144,59887,46342,5056,0.6345875306562508,37.12574850299401,85496,80440,411361,51.63064897117998,91.01796407185628,487012,75651
2023-02-07,-17726,-10.803991003784994,76.04790419161677,13576,31302,19175,11.687156013628412,60.47904191616767,66337,47162,15575,1.9935055875753722,65.86826347305389,73795,58220,410873,52.58925337296026,89.82035928143712,489504,78631
2023-02-14,-13661,-7.8082935612014515,78.44311377245509,20989,34650,21189,12.111114286530821,62.874251497005986,72037,50848,21408,2.7145706558056792,76.04790419161677,79092,57684,412837,52.34843076564131,92.81437125748504,485694,72857
2023-02-21,-7088,-3.8087049973132725,82.03592814371258,30808,37896,1088,0.5846319183234819,47.90419161676647,71320,70232,23229,2.940759439826408,80.23952095808383,79329,56100,407928,51.643123542533345,88.02395209580838,484939,77011
2023-02-28,-25842,-12.917964278394578,70.05988023952095,25965,51807,-8190,-4.094037901093243,41.91616766467065,72408,80598,26927,3.3492834869266375,85.62874251497006,84939,58012,405646,50.45580455816997,87.42514970059881,488209,82563
2023-03-07,-39457,-18.673715197092243,56.287425149700596,19427,58884,75,0.03549506145378307,47.30538922155689,79299,79224,15887,1.9349448333063357,67.06586826347305,75936,60049,409845,49.91675364804149,88.62275449101796,490588,80743
2023-03-14,-44541,-24.775005284177503,43.712574850299404,16306,60847,7760,4.316338676841953,51.49700598802395,76079,68319,7645,1.0256196983376777,45.50898203592814,64007,56362,400687,53.754412042881505,83.8323353293413,484418,83731
2023-03-21,-51277,-30.307705038182377,34.13173652694611,10622,61899,15975,9.442159018370097,56.287425149700596,71320,55345,13341,1.809103692925633,58.08383233532935,61547,48206,398197,53.997426220816145,81.437125748503,479791,81594
2023-03-28,-42484,-25.068299965186196,46.706586826347305,14688,57172,16240,9.582647383359001,56.886227544910184,72482,56242,3013,0.41132768878343656,32.33532934131736,58664,55651,403304,55.0581155649237,85.02994011976048,483631,80327
2023-04-04,-44447,-24.854608897935446,44.31137724550898,15053,59500,22605,12.640637931420134,64.07185628742515,73899,51294,3485,0.46647347392232585,32.93413173652694,66748,63263,411188,55.03824814782591,90.41916167664671,485717,74529
2023-04-11,-43574,-24.64286118243205,45.50898203592814,13815,57389,23846,13.485878454038524,64.67065868263472,74130,50284,7626,1.0041622829483343,44.91017964071856,69139,61513,421745,55.53375583819109,95.80838323353294,496317,74572
2023-04-18,-43707,-24.622690936132095,44.91017964071856,15253,58960,24445,13.77128789287183,65.26946107784431,75302,50857,8324,1.0861537578258136,46.706586826347305,65844,57520,432282,56.40614112691714,97.60479041916167,505959,73677
2023-04-25,-40435,-21.97064784477372,51.49700598802395,16108,56543,18885,10.261300471090681,59.88023952095808,77569,58684,13376,1.7306652244456464,58.68263473053892,69260,55884,436020,56.41482140870146,98.80239520958084,510675,74655
2023-05-02,-40166,-19.786596780232124,54.49101796407185,26556,66722,12684,6.248398983231197,54.49101796407185,79011,66327,14789,1.897344051892469,63.47305389221557,70548,55759,435685,55.89589176068499,98.20359281437125,511857,76172
2023-05-09,-35551,-18.46095526914329,61.07784431137725,21147,56698,20548,10.670183929294714,62.27544910179641,83367,62819,13403,1.6865038170628435,59.2814371257485,78046,64643,441326,55.53219305894773,99.40119760479041,517803,76477
2023-05-16,-37254,-18.57915866643393,58.08383233532935,25509,62763,17064,8.51008652719248,58.08383233532935,87556,70492,15268,1.9328294912207409,64.67065868263472,69220,53952,441785,55.92710746521844,100.0,521175,79390
2023-05-23,-48055,-21.225706713780916,38.92215568862276,33768,81823,-7229,-3.1930212014134276,43.11377245508982,79464,86693,14247,1.8239124952152221,61.67664670658682,72480,58233,428803,54.89570784626749,97.0059880239521,508404,79601
2023-05-30,-46378,-19.06700049745721,41.91616766467065,39074,85452,-25058,-10.30188663731258,31.736526946107784,71565,96623,19296,2.4893503383896114,71.8562874251497,72423,53127,416574,53.741637016185415,94.61077844311377,499251,82677
2023-06-06,-48392,-19.725107201669577,38.32335329341318,36006,84398,-34023,-13.868146022532732,26.34730538922156,66695,100718,23393,2.99155846730105,80.83832335329342,77781,54388,400567,51.22556322709271,83.23353293413174,487937,87370
2023-06-13,-45649,-18.074087565230474,42.51497005988024,37530,83179,-30918,-12.241552703055834,28.74251497005988,65662,96580,20199,2.4684282177310357,73.65269461077844,70136,49937,388240,47.445050311990556,75.44910179640718,467413,79173
2023-06-20,-48718,-20.42203926960546,37.72455089820359,28924,77642,-33455,-14.02396083099985,26.94610778443114,67672,101127,6332,0.8638719526753155,41.31736526946108,66452,60120,394009,53.75447318408849,78.44311377245509,476293,82284
2023-06-27,-48021,-19.092015076096118,39.52095808383233,35107,83128,-39443,-15.681604936308267,22.15568862275449,69585,109028,14239,1.9448917736500562,61.07784431137725,70527,56288,395770,54.05785639844672,80.83832335329342,474306,78536
2023-07-03,-49131,-18.535383640300907,37.12574850299401,40812,89943,-44241,-16.69056008692175,17.365269461077844,72426,116667,17473,2.406991336594451,69.46107784431138,69829,52356,395766,54.51870504885478,80.23952095808383,474861,79095
2023-07-11,-58250,-23.08311108821513,25.149700598802394,27126,85376,-29812,-11.813797558143682,29.34131736526946,73839,103651,9597,1.3038410120969057,48.50299401197605,70220,60623,399881,54.32752399273968,82.63473053892216,477886,78005
2023-07-18,-54754,-23.71000987303622,29.34131736526946,27722,82476,-1679,-0.727053851350181,46.706586826347305,71714,73393,21491,2.7442372422529027,76.64670658682635,86196,64705,424187,54.16545358892243,96.40718562874252,501669,77482
2023-07-25,-36631,-16.37066499821237,59.2814371257485,30457,67088,-16988,-7.592062924562031,37.12574850299401,61905,78893,26054,3.373087798158486,83.23353293413174,80093,54039,414916,53.71720645047695,94.01197604790418,491850,76934
2023-08-01,-40180,-17.54470231207563,53.89221556886228,27311,67491,-16266,-7.102591533305678,37.72455089820359,62030,78296,18712,2.4778986063806685,70.65868263473054,70631,51919,412427,54.61480806614792,92.21556886227546,492126,79699
2023-08-08,-40329,-17.545867069249812,53.293413173652695,24813,65142,-21642,-9.415746859894975,34.13173652694611,61103,82745,11010,1.446841391490838,51.49700598802395,71402,60392,416862,54.78049011259344,95.20958083832335,496666,79804
2023-08-15,-33845,-13.649709220258597,64.67065868263472,34878,68723,-40765,-16.440549456754074,20.958083832335326,58222,98987,23055,3.032622893244571,79.64071856287424,76755,53700,412252,54.22705933575628,91.61676646706587,492339,80087
2023-08-22,-36101,-14.620347233753032,60.47904191616767,33762,69863,-43250,-17.515581780555074,17.964071856287426,60285,103535,31706,4.22472904224729,89.82035928143712,91721,60015,381870,50.8830277979869,71.8562874251497,467608,85738
2023-08-29,-37879,-15.432345224320846,56.886227544910184,29062,66941,-36320,-14.797190489382853,24.550898203592812,65309,101629,28415,3.7981519180566936,86.82634730538922,87774,59359,365495,48.85467307021402,61.07784431137725,464262,98767
2023-09-05,-41363,-15.414169871508212,49.700598802395206,36609,77972,-42733,-15.924708583012851,18.562874251497004,66176,108909,24070,3.1911945833217326,81.437125748503,89527,65457,353686,46.89160147057459,53.89221556886228,461039,107353
2023-09-12,-35444,-13.086016820870283,61.67664670658682,35535,70979,-46017,-16.989595870838166,16.766467065868262,66782,112799,13429,1.8055579831639013,59.88023952095808,72898,59469,342747,46.083072608197014,49.700598802395206,450698,107951
2023-09-19,-31399,-11.81035131272098,65.26946107784431,49757,81156,-50307,-18.922365154592644,14.97005988023952,70008,120315,4862,0.6992232610380776,36.52694610778443,65602,60740,334864,48.158103267020735,47.90419161676647,449293,114429
2023-09-26,-35032,-12.250064691195703,62.874251497005986,55409,90441,-53003,-18.5342024100093,13.17365269461078,72874,125877,11875,1.6981971224317896,52.09580838323353,76453,64578,318134,45.49509417664968,40.119760479041915,441783,123649
2023-10-03,-41870,-14.811696535329451,47.90419161676647,61438,103308,-39187,-13.862573492475644,22.75449101796407,73374,112561,13203,1.8796098702652069,57.48502994011976,82368,69165,306736,43.66765228854567,35.32934131736527,439608,132872
2023-10-10,-40650,-15.638404690367281,50.898203592814376,47367,88017,-26437,-10.170541323474534,31.137724550898206,71664,98101,-962,-0.13995129345836813,30.538922155688624,68001,68963,318633,46.35457431239107,41.31736526946108,444415,125782
2023-10-17,-40333,-15.076573427880428,52.69461077844312,45803,86136,-40576,-15.167407418483034,21.55688622754491,69103,109679,4299,0.6179600848670933,34.73053892215569,75357,71058,317388,45.62296241353734,39.52095808383233,447860,130472
2023-10-24,-46924,-17.984814628855272,40.7185628742515,38333,85257,-35560,-13.629273041558552,25.149700598802394,69055,104615,9025,1.2843903522004703,47.30538922155689,81600,72575,325952,46.387767765146556,45.50898203592814,448774,122822
2023-10-31,-40958,-14.771776450561184,50.29940119760479,51443,92401,-38588,-13.917020110216683,23.353293413173652,66878,105466,5473,0.787525073313361,39.52095808383233,77740,72267,321410,46.248571864360926,43.11377245508982,443345,121935
2023-11-07,-47267,-18.200756263043996,40.119760479041915,34887,82154,-24081,-9.272693667259663,32.93413173652694,70113,94194,5370,0.7697556276733598,38.92215568862276,77240,71870,324423,46.50399068839375,44.31137724550898,443192,118769
2023-11-14,-64429,-23.53459013818522,19.16167664670659,28422,92851,-41824,-15.277448011601274,19.760479041916167,71014,112838,7125,1.0142882970348617,43.11377245508982,77152,70027,327998,46.69256601415306,46.10778443113773,441077,113079
2023-11-21,-62905,-23.746427937773447,20.958083832335326,38753,101658,-21983,-8.298509265655731,33.532934131736525,69250,91233,8063,1.131865170053512,46.10778443113773,73652,65589,353982,49.69116912140423,54.49101796407185,453409,99427
2023-11-28,-65310,-25.044002438827984,17.964071856287426,35448,100758,-24146,-9.25911013455735,32.33532934131736,66352,90498,10184,1.4005594536387866,49.101796407185624,73233,63049,372157,51.1810687929939,67.06586826347305,465952,93795
2023-12-05,-64464,-24.100313292109377,18.562874251497004,39913,104377,-19565,-7.314510882975303,35.32934131736527,64639,84204,12108,1.6002854820483339,53.89221556886228,76280,64172,385663,50.972158891906716,74.25149700598801,478523,92860
2023-12-12,-61447,-23.85540858991929,22.15568862275449,29395,90842,-4110,-1.5956145833737736,44.91017964071856,62909,67019,16641,2.100741148445558,67.66467065868264,83174,66533,362824,45.80249422772736,59.2814371257485,462262,99438
2023-12-19,-57908,-31.1433795848123,26.34730538922156,28932,86840,12323,6.627406690330213,53.89221556886228,63273,50950,-7465,-1.066056974426057,20.958083832335326,67756,75221,363318,51.88448597917298,59.88023952095808,459191,95873
2023-12-26,-58188,-30.862416463349952,25.748502994011975,32553,90741,16398,8.697358650684205,57.48502994011976,63596,47198,-4233,-0.5998920109349557,26.94610778443114,71580,75813,365700,51.826248145266554,62.27544910179641,460850,95150
2024-01-02,-58795,-31.946512209169647,23.353293413173652,28836,87631,22552,12.253724693276535,63.47305389221557,64625,42073,12711,1.7681548509149585,55.688622754491014,86037,73326,368199,51.21806686744055,64.07185628742515,460498,92299
2024-01-09,-45129,-22.53081642943799,43.11377245508982,32930,78059,5789,2.8901791821227265,50.898203592814376,65746,59957,15861,2.221182810305302,66.46706586826348,80190,64329,365552,51.19209499229077,61.67664670658682,460848,95296
2024-01-16,-36183,-16.96271605980057,59.88023952095808,35551,71734,-7460,-3.4972739078051087,42.51497005988024,66178,73638,11945,1.6294020796872422,52.69461077844312,80292,68347,381514,52.04183382417735,71.25748502994011,479464,97950
2024-01-23,-28500,-11.7268507850818,68.26347305389223,46599,75099,-28674,-11.798446295138088,30.538922155688624,65726,94400,3568,0.49185096143905,33.532934131736525,75337,71769,377770,52.0758233472057,70.05988023952095,476138,98368
2024-01-30,-39514,-16.326142734961515,55.688622754491014,35268,74782,-34708,-14.34043027901615,25.748502994011975,66084,100792,10549,1.450612615338073,50.898203592814376,79542,68993,357997,49.22883348688825,56.886227544910184,470145,112148
2024-02-06,-40390,-15.562028496351266,52.09580838323353,40268,80658,-41446,-15.968899060652998,20.35928143712575,67566,109012,-5332,-0.7284242565823897,25.748502994011975,80024,85356,334968,45.761218375635764,48.50299401197605,466851,131883
2024-02-13,-58369,-19.16301150391343,24.550898203592812,42980,101349,-54495,-17.891146189000366,11.976047904191617,68114,122609,-5785,-0.7816458475486586,23.353293413173652,88270,94055,328622,44.40207808351518,46.706586826347305,464667,136045
2024-02-20,-59471,-19.470727283442137,22.75449101796407,37801,97272,-65167,-21.335590201612114,8.982035928143713,60681,125848,10327,1.429740315298789,50.29940119760479,87583,77256,302844,41.92778890736385,32.93413173652694,444982,142138
2024-02-27,-79373,-25.634541537885173,10.179640718562874,30322,109695,-54964,-17.751337874192995,11.377245508982035,64380,119344,6375,0.8909292916588054,41.91616766467065,85862,79487,308732,43.14641287410296,36.52694610778443,442988,134256
2024-03-05,-74008,-23.525522432657525,13.77245508982036,30933,104941,-49226,-15.647867355826387,15.568862275449103,65860,115086,9439,1.3348738806518947,47.90419161676647,88588,79149,299637,42.37499787868331,31.736526946107784,423822,124185
2024-03-12,-71959,-22.09534044676441,15.568862275449103,30134,102093,-37164,-11.41137637215015,23.952095808383234,65353,102517,3717,0.5178899849523492,34.13173652694611,80929,77212,311345,43.3797302569247,38.32335329341318,418644,107299
2024-03-19,-73006,-24.13421487603306,14.37125748502994,45130,118136,-61907,-20.465123966942148,9.580838323353294,61853,123760,-3642,-0.5550289401416071,27.54491017964072,85730,89372,287232,43.77322145380397,29.34131736526946,401634,114402
2024-03-26,-72877,-23.83930703530574,14.97005988023952,50032,122909,-59529,-19.47294905806654,10.778443113772456,62139,121668,-9126,-1.3884071200365131,19.16167664670659,81778,90904,274560,41.77088087631219,26.94610778443114,401800,127240
2024-04-02,-77209,-24.370835424498672,11.377245508982035,53581,130790,-65403,-20.64429987784438,7.784431137724551,58943,124346,-9393,-1.3757235254141964,18.562874251497004,94297,103690,247275,36.21654793429101,17.964071856287426,403614,156339
2024-04-09,-92900,-28.630512298176463,5.389221556886228,40770,133670,-69558,-21.43682642019977,6.58682634730539,59111,128669,-21555,-3.3496711712271714,11.976047904191617,65356,86911,269301,41.849677387272024,23.952095808383234,405602,136301
2024-04-16,-102380,-30.9202379873758,3.592814371257485,39056,141436,-69883,-21.10567485125789,5.9880239520958085,58169,128052,-34545,-5.243107465110455,6.58682634730539,70146,104691,248334,37.69118104619307,19.16167664670659,397902,149568
2024-04-23,-106089,-31.558421855803815,2.3952095808383236,34337,140426,-76218,-22.67265971972264,4.191616766467066,58140,134358,-35467,-5.327207102742534,5.389221556886228,63518,98985,225348,33.84767435048988,14.37125748502994,392006,166658
2024-04-30,-105809,-31.59911362767584,2.9940119760479043,28570,134379,-66853,-19.965178230122323,7.18562874251497,60164,127017,-23184,-3.5542092022498952,10.778443113772456,68274,91458,221794,34.00199602328387,13.17365269461078,390015,168221
2024-05-07,-81133,-27.057050146902377,9.580838323353294,29570,110703,-54287,-18.104175629212396,12.574850299401197,50447,104734,-16801,-2.565805951093762,13.77245508982036,69345,86146,228701,34.926634534914264,14.97005988023952,393484,164783
2024-05-14,-76506,-25.70714300114917,11.976047904191617,29593,106099,-60805,-20.431375711511194,10.179640718562874,50377,111182,-7085,-1.0787116969802164,21.55688622754491,75619,82704,240340,36.59245861005295,16.766467065868262,398845,158505
2024-05-21,-83567,-27.73409886663459,8.383233532934131,24064,107631,-72601,-24.09471815209996,5.389221556886228,49257,121858,-2379,-0.36427334434779146,28.74251497005988,75342,77721,263778,40.38978319687757,22.15568862275449,401674,137896
2024-05-28,-93945,-28.88562283423167,4.790419161676647,21005,114950,-81959,-25.200242289326663,2.9940119760479043,47766,129725,7346,1.1048876161139722,43.712574850299404,74699,67353,269863,40.589203205467584,24.550898203592812,405892,136029
2024-06-04,-69812,-23.039579682451677,17.365269461077844,36986,106798,-75710,-24.98605651977334,4.790419161676647,29678,105388,12343,1.837477818666857,54.49101796407185,80602,68259,281900,41.96589136208272,28.143712574850298,409324,127424
2024-06-11,-87191,-27.3091451229978,7.18562874251497,23310,110501,-77470,-24.264424914023692,3.592814371257485,30311,107781,-1392,-0.19526044545191854,29.94011976047904,79583,80975,273119,38.311305748119636,25.149700598802394,408140,135021
2024-06-18,-90397,-30.424714842974314,5.9880239520958085,25633,116030,-86116,-28.98386830777101,2.3952095808383236,28364,114480,-8819,-1.3559598270570798,19.760479041916167,78396,87215,249925,38.427061999913896,19.760479041916167,399229,149304
2024-06-25,-109644,-32.22577203537534,1.1976047904191618,30032,139676,-97785,-28.740260465499052,1.1976047904191618,29810,127595,-11599,-1.7842227271119098,15.568862275449103,78729,90328,241468,37.143951501875904,17.365269461077844,396476,155008
2024-07-02,-109182,-31.211176129233287,1.7964071856287425,30607,139789,-100036,-28.59666625692862,0.5988023952095809,30433,130469,-9449,-1.483604047762975,17.964071856287426,72818,82267,221701,34.80966250323837,12.574850299401197,391717,170016
2024-07-09,-110635,-31.704751915725282,0.5988023952095809,33815,144450,-89020,-25.510525742648028,1.7964071856287425,33240,122260,-5473,-0.8588250432315548,25.149700598802394,73785,79258,232921,36.550043466935314,15.568862275449103,393029,160108
2024-07-16,-75045,-24.428313341254213,12.574850299401197,30754,105799,-65266,-21.245096922250614,8.383233532934131,39381,104647,7389,1.138080649856527,44.31137724550898,85859,78470,247360,38.099286716539524,18.562874251497004,400777,153417
2024-07-23,-58596,-19.0752743478643,23.952095808383234,37264,95860,-52942,-17.23467770026336,13.77245508982036,45815,98757,4340,0.6458121906723292,35.32934131736527,83176,78836,274038,40.77812928743405,26.34730538922156,425830,151792
2024-07-30,-70333,-23.200649181431036,16.766467065868262,27725,98058,-30934,-10.204155684790747,28.143712574850298,47173,78107,-18164,-2.7220181657697675,13.17365269461078,73234,91398,265004,39.71293228372888,22.75449101796407,425151,160147
2024-08-06,-24158,-8.08130141133416,71.25748502994011,27905,52063,-17562,-5.874816432893888,36.52694610778443,38725,56287,-14608,-2.1767118062178143,14.37125748502994,75644,90252,273898,40.81304835018119,25.748502994011975,429417,155519
2024-08-13,-2415,-0.765844902929555,86.82634730538922,43859,46274,-3007,-0.9535799681611477,45.50898203592814,49002,52009,-23418,-3.5091031692515173,10.179640718562874,71009,94427,277115,41.52468719562448,27.54491017964072,424905,147790
2024-08-20,-10493,-3.3185008080405574,81.437125748503,37384,47877,1256,0.3972207199941808,48.50299401197605,50500,49244,-2684,-0.3878517435265319,28.143712574850298,75339,78023,304958,44.06799254931599,34.13173652694611,436430,131472
2024-08-27,-21491,-6.752676279382515,74.25149700598801,32111,53602,9764,3.0679415193285973,52.69461077844312,52414,42650,20468,2.817269747935016,74.25149700598801,94322,73854,321544,44.25816805892207,43.712574850299404,442350,120806
2024-09-03,-16843,-5.153995624168056,76.64670658682635,34653,51496,20351,6.227451460395661,61.67664670658682,57631,37280,25852,3.492045910434939,82.63473053892216,95060,69208,325193,43.92653898159017,44.91017964071856,440669,115476
2024-09-10,-14572,-3.8702412128101478,77.84431137724552,36657,51229,27919,7.415129317900529,66.46706586826348,57419,29500,12827,1.7289671756383713,56.287425149700596,76583,63756,318428,42.921303485162184,40.7185628742515,436889,118461
2024-09-17,-15780,-7.911241683921329,77.24550898203593,30066,45846,29992,15.036372660593694,68.8622754491018,56250,26258,5718,0.8433615879622597,40.119760479041915,72490,66772,306139,45.15317824015009,34.73053892215569,427973,121834
2024-09-24,-5448,-2.622988704971546,84.4311377245509,36841,42289,31353,15.095184446948032,70.05988023952095,57478,26125,4766,0.7013836359515772,35.92814371257485,70914,66148,302991,44.58936828380284,33.532934131736525,428761,125770
2024-10-01,1375,0.700815494393476,88.62275449101796,38018,36643,29044,14.803261977573904,68.26347305389223,52582,23538,-103,-0.015265274908334247,31.736526946107784,70416,70519,294301,43.617336609686184,30.538922155688624,421463,127162
2024-10-08,7941,4.037420240486057,90.41916167664671,38912,30971,19708,10.020082873630425,61.07784431137725,55702,35994,17906,2.676008135925551,70.05988023952095,80224,62318,266665,39.85243547227673,23.353293413173652,404607,137942
2024-10-15,9513,4.8076777294297806,91.01796407185628,37868,28355,9331,4.715698611721778,52.09580838323353,55829,46498,12903,1.959509841589962,56.886227544910184,79699,66796,222639,33.81099834315645,13.77245508982036,377266,154627
2024-10-22,6826,3.2922088570353725,89.82035928143712,45083,38257,-19486,-9.398180748343284,35.92814371257485,39768,59254,-10156,-1.5606391920818612,17.365269461077844,74459,84615,193120,29.67611665762594,10.179640718562874,367611,174491
2024-10-29,-3462,-1.5325772264867592,85.62874251497006,44746,48208,-32924,-14.574977644381878,27.54491017964072,37607,70531,-30212,-4.565987833906374,7.784431137724551,75404,105616,192049,29.024672233347186,9.580838323353294,365328,173279
2024-11-05,-12722,-5.396119815746388,79.04191616766467,32546,45268,-41944,-17.790822948566777,19.16167664670659,37830,79774,-24034,-3.7227558368455864,9.580838323353294,79747,103781,217452,33.68231265015172,11.976047904191617,360538,143086
2024-11-12,-29643,-11.503446027754494,66.46706586826348,24817,54460,-50751,-19.694747136071527,14.37125748502994,38925,89676,-29013,-4.553880443568956,8.982035928143713,72706,101719,216196,33.934123888527004,11.377245508982035,357161,140965
2024-11-19,-26367,-10.377154281801115,68.8622754491018,26487,52854,-47816,-18.818751057708578,16.16766467065868,39982,87798,-39811,-6.043195390224873,2.9940119760479043,70766,110577,183153,27.80209905066077,8.383233532934131,343463,160310
2024-11-26,-23369,-9.216140965271368,73.05389221556887,30485,53854,-29572,-11.662446858017242,29.94011976047904,45033,74605,-29956,-4.500918784830059,8.383233532934131,78630,108586,168708,25.348544743994843,6.58682634730539,339036,170328
2024-12-03,-25185,-9.80537202792302,70.65868263473054,31142,56327,-5840,-2.2737094557502657,43.712574850299404,48806,54646,-36202,-5.362790511644167,4.790419161676647,78970,115172,150321,22.267831404366138,0.5988023952095809,330248,179927
2024-12-10,-23565,-8.574266648231296,72.45508982035929,30677,54242,5272,1.918248833841519,50.29940119760479,50195,44923,-43921,-6.039110324003541,1.1976047904191618,76775,120696,162534,22.348324432540053,4.191616766467066,330710,168176
2024-12-17,-37136,-20.44112223610553,58.68263473053892,22969,60105,-5730,-3.154018483759282,44.31137724550898,46402,52132,-38245,-6.548801369863014,4.191616766467066,75931,114176,163012,27.913013698630134,5.389221556886228,333070,170058
2024-12-24,-37441,-18.6533479473894,57.48502994011976,31241,68682,-9934,-4.94918294141092,40.119760479041915,51863,61797,-46532,-7.78670075955976,0.5988023952095809,69968,116500,162866,27.254122021543452,4.790419161676647,339295,176429
2024-12-31,-42318,-20.446342724343026,47.30538922155689,31671,73989,-8530,-4.121350334104778,41.31736526946108,53727,62257,-41840,-6.8684858961289255,1.7964071856287425,80796,122636,153861,25.25793758279858,1.7964071856287425,336955,183094
2025-01-07,-53162,-25.022592913356178,31.736526946107784,24057,77219,-9579,-4.508698271642128,40.7185628742515,53082,62661,-41588,-6.894710927125419,2.3952095808383236,69495,111083,151263,25.077297753433015,1.1976047904191618,333660,182397
2025-01-14,-52381,-23.389387011502468,32.93413173652694,25130,77511,-20109,-8.979156247767378,34.73053892215569,52052,72161,-39799,-6.586784724233523,3.592814371257485,68363,108162,157876,26.128677231163888,2.3952095808383236,332942,175066
2025-01-21,-39636,-18.729798695775447,55.08982035928144,27591,67227,-13207,-6.24090350628485,38.92215568862276,50196,63403,-35234,-5.780879814665328,5.9880239520958085,72504,107738,160878,26.395424386210152,3.592814371257485,340273,179395
2025-01-28,-34175,-15.764248943668468,64.07185628742515,24923,59098,-1813,-0.8363009022639629,46.10778443113773,58289,60102,-34296,-5.541372869634905,7.18562874251497,72532,106828,174396,28.178016765011925,7.784431137724551,347583,173187
2025-02-04,-29088,-12.542742690083697,67.66467065868264,33050,62138,13695,5.9052826299744305,55.688622754491014,62742,49047,-22177,-3.596524943117594,11.377245508982035,82094,104271,163750,26.55593450130793,5.9880239520958085,339196,175446
2025-02-11,-31019,-11.349217383668602,65.86826347305389,35523,66542,37314,13.652429074251593,71.25748502994011,86253,48939,-20827,-3.3436992773807823,12.574850299401197,88642,109469,160245,25.726753286785588,2.9940119760479043,338182,177937
2025-02-18,-23850,-8.482623958344448,71.8562874251497,43974,67824,38924,13.843926832477957,71.8562874251497,87890,48966,-11227,-1.7596516745451583,16.16766467065868,89424,100651,172533,27.041772723283135,7.18562874251497,346446,173913
2025-02-25,-11720,-3.5602972179861845,79.64071856287424,47598,59318,71762,21.799833528764893,82.63473053892216,109396,37634,-5296,-0.8040274243795205,26.34730538922156,93762,99058,191177,29.02408438644327,8.982035928143713,356354,165177
2025-03-04,2550,0.719495506680022,89.22155688622755,47578,45028,83769,23.63585062708971,89.82035928143712,115992,32223,-8222,-1.2023649532990455,20.35928143712575,94173,102395,211724,30.96199432890867,10.778443113772456,366028,154304
2025-03-11,417,0.0934604574855775,88.02395209580838,46055,45638,84539,18.947370780271548,90.41916167664671,111825,27286,-5919,-0.8110885770664328,22.75449101796407,90093,96012,239231,32.782147555360666,16.16766467065868,375109,135878
2025-03-18,-5833,-1.966840545306794,83.23353293413174,40348,46181,80197,27.041781452420533,88.62275449101796,100447,20250,13859,2.1235941282829214,60.47904191616767,87050,73191,258488,39.60773497594312,20.958083832335326,380024,121536
2025-03-25,309,0.10171901849376848,87.42514970059881,41782,41473,79867,26.291238996899054,88.02395209580838,99454,19587,26376,3.919895968790637,85.02994011976048,89643,63267,263523,39.1637376927364,21.55688622754491,389514,125991
2025-04-01,11263,3.619657927381878,92.21556886227546,48928,37665,76649,24.633149292008664,85.62874251497006,99685,23036,32890,4.902903431137983,91.01796407185628,91315,58425,256218,38.1943481702436,20.35928143712575,384138,127920
2025-04-08,19233,5.996109216293903,94.61077844311377,52436,33203,102930,32.08961272984618,94.61077844311377,115727,12797,33078,4.74048978468735,91.61676646706587,85855,52777,283157,40.579928229116504,28.74251497005988,412595,129438
2025-04-15,18100,5.34161234060009,94.01197604790418,51122,33022,114908,33.91127021180526,98.20359281437125,130058,15150,21806,3.079412869533781,77.24550898203593,80754,58948,289770,40.920914757626505,29.94011976047904,419169,129399
2025-04-22,19443,5.535751909027236,95.20958083832335,50802,31359,119983,34.1611953556969,98.80239520958084,135299,15316,14710,2.045237141840185,62.27544910179641,81269,66559,296277,41.193523091297386,31.137724550898206,419532,123255
2025-04-29,19611,5.354597729394997,95.80838323353294,50238,30627,127275,34.7512327779689,100.0,137808,10533,17315,2.3712291772800227,68.26347305389223,79893,62578,301676,41.313481564258055,32.33532934131736,421978,120302
2025-05-06,24650,6.563776474786046,98.20359281437125,54358,29708,125675,33.46460886282905,99.40119760479041,134156,8481,5745,0.7794977836211845,40.7185628742515,73085,67340,306930,41.64512701946912,35.92814371257485,427317,120387
2025-05-13,35043,9.74713577231928,99.40119760479041,55015,19972,109341,30.41296614105991,95.20958083832335,124096,14755,20153,2.6838246065419638,73.05389221556887,86340,66187,311077,41.42688965063537,37.72455089820359,432043,120966
2025-05-20,38497,10.493505785506931,100.0,55915,17418,110922,30.235100104943236,97.0059880239521,124230,13308,6933,0.9131391677829013,42.51497005988024,83874,76941,310336,40.8740742496862,37.12574850299401,435558,125222
2025-05-27,24075,6.38575532278899,97.60479041916167,49246,25171,114162,30.28081408765261,97.60479041916167,127979,13817,-904,-0.11887369801083802,31.137724550898206,76556,77460,313983,41.287964958558575,38.92215568862276,441156,127173
2025-06-03,26150,7.144652575899981,98.80239520958084,49497,23347,109556,29.93267906712422,95.80838323353294,130723,21167,-1911,-0.24459735512310504,29.34131736526946,74113,76024,320071,40.96730510288192,41.91616766467065,444511,124440
2025-06-10,20619,5.3105755634711524,97.0059880239521,44731,24112,109952,28.31894875380863,96.40718562874252,131187,21235,11976,1.477575424081173,53.293413173652695,84861,72885,320344,39.523415301591456,42.51497005988024,441522,121178
2025-06-17,17783,5.600539173540184,93.41317365269461,45713,27930,93095,29.319135936609314,93.41317365269461,119461,26366,15429,2.0412483247581235,65.26946107784431,88119,72690,333078,44.06603859704364,47.30538922155689,456662,123584
2025-06-24,19758,6.277023957403413,96.40718562874252,48739,28981,91761,29.152039445049834,92.81437125748504,116393,24632,21093,2.7659069481397363,74.8502994011976,88638,67545,337731,44.28637555123412,49.101796407185624,458163,120432
2025-07-01,16646,5.2970396275588625,92.81437125748504,43066,26420,94055,29.929896802237703,94.01197604790418,119394,25339,15221,1.953837523795587,64.07185628742515,91623,76402,345337,44.329044672163235,50.29940119760479,461525,116188
2025-07-08,10382,3.3639966172101055,91.61676646706587,42605,32223,87754,28.434228390161397,92.21556886227546,112913,25159,29123,3.6139614591851803,87.42514970059881,105233,76110,349523,43.37336988286859,51.49700598802395,464484,114961
2025-07-15,-3359,-1.0452777345573363,86.22754491017965,42392,45751,68378,21.278356931694415,77.84431137724552,100056,31678,38524,4.695529228219004,95.20958083832335,106430,67906,360716,43.96616449709912,57.48502994011976,477607,116891
2025-07-22,-6061,-1.9361742908254536,82.63473053892216,36995,43056,70358,22.475721952466138,81.437125748503,100874,30516,28409,3.368202151409632,86.22754491017965,102310,73901,374328,44.38073761599721,68.26347305389223,497068,122740
2025-07-29,-20878,-6.343679261048569,74.8502994011976,37000,57878,71551,21.74042507937955,82.03592814371258,103482,31931,30862,3.724699092540585,89.22155688622755,110100,79238,357385,43.132382385704645,56.287425149700596,481538,124153
2025-08-05,-21650,-6.417134490097161,73.65269461077844,38441,60091,58130,17.229932005050717,74.8502994011976,99799,41669,34208,4.180067451977125,93.41317365269461,106098,71890,347425,42.453810059142675,50.898203592814376,481035,133610
2025-08-12,-35406,-10.0824973018228,62.27544910179641,38075,73481,59697,16.999797814690044,76.04790419161677,101264,41567,34938,4.235052826035308,94.01197604790418,100864,65926,367438,44.53945103591395,63.47305389221557,499181,131743
2025-08-19,-43354,-12.422990297493854,46.10778443113773,33996,77350,69567,19.934265950679407,78.44311377245509,106374,36807,33226,4.026325133085884,92.21556886227546,104037,70811,371230,44.98563411651937,65.86826347305389,501183,129953
2025-08-26,-41388,-11.581403938819026,49.101796407185624,37627,79015,75185,21.038655048325804,83.8323353293413,108632,33447,34207,4.061551979007735,92.81437125748504,109029,74822,376814,44.74083221030259,69.46107784431138,506393,129579
2025-09-02,-56443,-13.625379904357041,28.143712574850298,37470,93913,75981,18.341866848199995,84.4311377245509,109219,33238,29673,3.5081932326026815,88.62275449101796,107011,77338,379800,44.90317088742285,70.65868263473054,506627,126827
2025-09-09,-41662,-10.141699468596563,48.50299401197605,41473,83135,85853,20.899028478647708,91.61676646706587,118215,32362,32612,3.713910880715724,90.41916167664671,103962,71350,383251,43.64528575202937,73.05389221556887,506920,123669
2025-09-16,-50790,-16.951471864361526,34.73053892215569,39642,90432,70100,23.39630198251118,80.23952095808383,102125,32025,26237,3.0670479093995193,83.8323353293413,108039,81802,389699,45.55496067557584,76.04790419161677,511998,122299
2025-09-23,-52970,-17.092996614960647,32.33532934131736,42138,95108,77834,25.116411148364115,86.82634730538922,110298,32464,19803,2.3047781987046316,72.45508982035929,106658,86855,394618,45.927736364006684,79.04191616766467,516898,122280
2025-09-30,-50532,-16.52933653025243,35.32934131736527,43974,94506,68198,22.307996768189565,77.24550898203593,109603,41405,22277,2.6339156395022316,77.84431137724552,105007,82730,385477,45.57677869409713,73.65269461077844,509896,124419
2025-10-07,-55632,-18.231989879856066,28.74251497005988,36311,91943,69636,22.82144893718825,79.04191616766467,117808,48172,21385,2.5003332218696435,75.44910179640718,107423,86038,386864,45.23212118519419,74.8502994011976,513564,126700
2025-10-14,-52101,-17.082127061045302,33.532934131736525,43389,95490,67057,21.985685386701114,76.64670658682635,116418,49361,22278,2.648740486922156,78.44311377245509,103080,80802,371121,44.12439259570147,65.26946107784431,499343,128222
2025-10-21,-46415,-15.090922687266922,41.31736526946108,41771,88186,81609,26.53355832349814,89.22155688622755,121013,39404,22464,2.6874445947837446,79.04191616766467,102054,79590,371513,44.445361633809355,66.46706586826348,500890,129377
2025-10-28,-50125,-15.572138221560849,35.92814371257485,42455,92580,85299,26.499507594232796,91.01796407185628,129156,43857,17343,2.055547061396179,68.8622754491018,108266,90923,364571,43.210104810025165,60.47904191616767,499804,135233
2025-11-04,-56616,-18.019669626659027,27.54491017964072,39743,96359,77990,24.822559597695662,87.42514970059881,127213,49223,5182,0.6204680211117177,37.72455089820359,98873,93691,351020,42.02946444821211,53.293413173652695,502569,151549
2025-11-10,-57614,-18.41614857197654,26.94610778443114,41045,98659,77140,24.65757803385063,86.22754491017965,126884,49744,-5661,-0.6810020751255601,24.550898203592812,84211,89872,357364,42.989864966467174,55.688622754491014,507864,150500
2025-11-18,-63136,-19.163712301490943,20.35928143712575,44380,107516,69744,21.16944296051673,79.64071856287424,127127,57383,12421,1.5019074623797635,55.08982035928144,87561,75140,356951,43.16136950357611,55.08982035928144,502366,145415
2025-11-25,-53594,-15.56065269148133,31.137724550898206,48541,102135,70109,20.355670402415655,80.83832335329342,130968,60859,14724,1.7727179146364809,62.874251497005986,90941,76217,349762,42.110117037427656,52.69461077844312,500319,150557
2025-12-02,-61475,-15.568848626978237,21.55688622754491,51732,113207,71976,18.228278955272643,83.23353293413174,131689,59713,19272,2.2641403033891616,71.25748502994011,90775,71503,361753,42.49997650331773,58.68263473053892,508867,147114
2025-12-09,-88694,-19.056929714491982,6.58682634730539,43313,132007,76531,16.443568764288294,85.02994011976048,135901,59370,41605,4.412947048878122,95.80838323353294,102769,61164,373676,39.6349573713876,67.66467065868264,517871,144195
2025-12-16,-82640,-21.765754755991246,8.982035928143713,40103,122743,58745,15.472280531712315,75.44910179640718,108980,50235,51301,5.197743433037551,98.80239520958084,116937,65636,374794,37.97358827784792,68.8622754491018,517767,142973
2025-12-23,-78156,-27.415077661320876,10.778443113772456,33828,111984,48348,16.959212021719914,73.65269461077844,102008,53660,56107,6.471761379824234,100.0,120823,64716,390397,45.03103404921385,76.64670658682635,536849,146452
2025-12-30,-74147,-25.91356436889268,13.17365269461078,33087,107234,53451,18.680539051906113,74.25149700598801,102560,49109,52662,6.058890733562748,99.40119760479041,121459,68797,391444,45.03658091809533,77.84431137724552,537338,145894
2026-01-06,-63230,-21.97660879689971,19.760479041916167,47898,111128,46448,16.14375336704725,73.05389221556887,92396,45948,50600,5.738165034616104,98.20359281437125,119570,68970,398687,45.21209097146227,82.03592814371258,543666,144979
2026-01-13,-98650,-33.52682485844985,4.191616766467066,43869,142519,28223,9.591764601926306,67.06586826347305,75804,47581,25392,2.8734643623425886,82.03592814371258,103621,78229,404116,45.731447867534555,86.22754491017965,555117,151001
2026-01-20,-84737,-28.959320863820757,7.784431137724551,52959,137696,17730,6.0593218890867275,58.68263473053892,65185,47455,10236,1.161930102571321,49.700598802395206,100073,89837,391204,44.40716137615387,77.24550898203593,543954,152750
2026-01-27,-71766,-23.864248518585025,16.16766467065868,52084,123850,28497,9.476067915644142,67.66467065868264,69676,41179,26361,2.867557794979571,84.4311377245509,115423,89062,403530,43.89611915360215,85.62874251497006,550558,147028
2026-02-03,-54452,-17.93112986666579,29.94011976047904,58399,112851,32630,10.745110694727552,70.65868263473054,73288,40658,42055,4.619073351609729,96.40718562874252,123767,81712,404439,44.42119622522143,86.82634730538922,539447,135008
2026-02-10,-53867,-16.082197833693588,30.538922155688624,69883,123750,25516,7.61789889773935,65.86826347305389,73114,47598,50204,5.42000036706241,97.60479041916167,132693,82489,410538,44.3214905324888,89.22155688622755,546599,136061
2026-02-17,-29321,-8.275101036327923,67.06586826347305,82783,112104,40546,11.443069698132803,72.45508982035929,76665,36119,43549,4.7500417206126,97.0059880239521,126502,82953,413713,45.125123662077215,93.41317365269461,549252,135539
2026-02-24,-26317,-7.118070112327944,69.46107784431138,87174,113491,30972,8.37712761785238,69.46107784431138,75219,44247,36797,4.037915607267524,94.61077844311377,120964,84167,395301,43.378320989984495,79.64071856287424,533702,138401
2026-03-03,-34225,-8.20788676593673,63.47305389221557,88766,122991,17904,4.293762006057888,59.2814371257485,70024,52120,29632,3.2445370523459713,88.02395209580838,128443,98811,370272,40.54269787548081,64.67065868263472,519444,149172
2026-03-10,-49219,-11.507348299580565,36.52694610778443,77546,126765,2831,0.6618846997320664,49.700598802395206,65494,62663,5231,0.5396266043859232,38.32335329341318,105592,100361,366299,37.787169864262914,62.874251497005986,509748,143449
